,lm_0_x,lm_0_y,lm_0_z,lm_0_vis,lm_1_x,lm_1_y,lm_1_z,lm_1_vis,lm_2_x,lm_2_y,lm_2_z,lm_2_vis,lm_3_x,lm_3_y,lm_3_z,lm_3_vis,lm_4_x,lm_4_y,lm_4_z,lm_4_vis,lm_5_x,lm_5_y,lm_5_z,lm_5_vis,lm_6_x,lm_6_y,lm_6_z,lm_6_vis,lm_7_x,lm_7_y,lm_7_z,lm_7_vis,lm_8_x,lm_8_y,lm_8_z,lm_8_vis,lm_9_x,lm_9_y,lm_9_z,lm_9_vis,lm_10_x,lm_10_y,lm_10_z,lm_10_vis,lm_11_x,lm_11_y,lm_11_z,lm_11_vis,lm_12_x,lm_12_y,lm_12_z,lm_12_vis,lm_13_x,lm_13_y,lm_13_z,lm_13_vis,lm_14_x,lm_14_y,lm_14_z,lm_14_vis,lm_15_x,lm_15_y,lm_15_z,lm_15_vis,lm_16_x,lm_16_y,lm_16_z,lm_16_vis,lm_17_x,lm_17_y,lm_17_z,lm_17_vis,lm_18_x,lm_18_y,lm_18_z,lm_18_vis,lm_19_x,lm_19_y,lm_19_z,lm_19_vis,lm_20_x,lm_20_y,lm_20_z,lm_20_vis,lm_21_x,lm_21_y,lm_21_z,lm_21_vis,lm_22_x,lm_22_y,lm_22_z,lm_22_vis,lm_23_x,lm_23_y,lm_23_z,lm_23_vis,lm_24_x,lm_24_y,lm_24_z,lm_24_vis,lm_25_x,lm_25_y,lm_25_z,lm_25_vis,lm_26_x,lm_26_y,lm_26_z,lm_26_vis,lm_27_x,lm_27_y,lm_27_z,lm_27_vis,lm_28_x,lm_28_y,lm_28_z,lm_28_vis,lm_29_x,lm_29_y,lm_29_z,lm_29_vis,lm_30_x,lm_30_y,lm_30_z,lm_30_vis,lm_31_x,lm_31_y,lm_31_z,lm_31_vis,lm_32_x,lm_32_y,lm_32_z,lm_32_vis
0,0.0,0.0,0.0,0.0,0.0,0.0,0.0,0.0,0.0,0.0,0.0,0.0,0.0,0.0,0.0,0.0,0.0,0.0,0.0,0.0,0.0,0.0,0.0,0.0,0.0,0.0,0.0,0.0,0.0,0.0,0.0,0.0,0.0,0.0,0.0,0.0,0.0,0.0,0.0,0.0,0.0,0.0,0.0,0.0,0.0,0.0,0.0,0.0,0.0,0.0,0.0,0.0,0.0,0.0,0.0,0.0,0.0,0.0,0.0,0.0,0.0,0.0,0.0,0.0,0.0,0.0,0.0,0.0,0.0,0.0,0.0,0.0,0.0,0.0,0.0,0.0,0.0,0.0,0.0,0.0,0.0,0.0,0.0,0.0,0.0,0.0,0.0,0.0,0.0,0.0,0.0,0.0,0.0,0.0,0.0,0.0,0.0,0.0,0.0,0.0,0.0,0.0,0.0,0.0,0.0,0.0,0.0,0.0,0.0,0.0,0.0,0.0,0.0,0.0,0.0,0.0,0.0,0.0,0.0,0.0,0.0,0.0,0.0,0.0,0.0,0.0,0.0,0.0,0.0,0.0,0.0,0.0
1,0.1505659818649292,0.7051759958267212,-0.187967449426651,0.999927282333374,0.15069127082824707,0.6800328493118286,-0.18406549096107483,0.9999184608459473,0.15365630388259888,0.6752769351005554,-0.1841365545988083,0.9998959302902222,0.1569880247116089,0.6698717474937439,-0.18425162136554718,0.9998737573623657,0.1427289843559265,0.6887261271476746,-0.15448041260242462,0.9999508857727051,0.1407870352268219,0.6900454163551331,-0.15442216396331787,0.9999377727508545,0.1389772593975067,0.6910002827644348,-0.15436773002147675,0.9999488592147827,0.1741274893283844,0.6593415141105652,-0.12190460413694382,0.9998194575309753,0.15161430835723877,0.6821509003639221,0.008204549551010132,0.9999362230300903,0.16813012957572937,0.7114616632461548,-0.16122664511203766,0.9996297359466553,0.15893790125846863,0.7192703485488892,-0.1236678808927536,0.9996993541717529,0.243021160364151,0.717589795589447,-0.20433323085308075,0.9995867609977722,0.2617861032485962,0.6721279621124268,0.21423281729221344,0.9983118772506714,0.35422471165657043,0.7144051194190979,-0.44633468985557556,0.9815852642059326,0.3472066819667816,0.6179066300392151,0.4146413505077362,0.03980797901749611,0.2991604804992676,0.8398863673210144,-0.6674830913543701,0.9610303640365601,0.34127506613731384,0.703180193901062,0.5826941132545471,0.17820440232753754,0.2780951261520386,0.8554549813270569,-0.7125456929206848,0.9423298239707947,0.3362947702407837,0.6826385259628296,0.6338030695915222,0.24261000752449036,0.26987215876579285,0.8464181423187256,-0.6655723452568054,0.941267728805542,0.3279372453689575,0.7010440230369568,0.6156455874443054,0.23648281395435333,0.2773571014404297,0.8393399119377136,-0.6524930000305176,0.9114766716957092,0.3323463201522827,0.7159581184387207,0.581923246383667,0.19684432446956635,0.47888609766960144,0.7586219906806946,-0.14226314425468445,0.997825562953949,0.4833449721336365,0.7194011211395264,0.14176875352859497,0.9918831586837769,0.6655510067939758,0.7671893239021301,-0.1396917998790741,0.8277185559272766,0.654710054397583,0.7302606701850891,0.15966255962848663,0.13723959028720856,0.8318392038345337,0.7065077424049377,-0.13136766850948334,0.8835850358009338,0.8020551204681396,0.6933772563934326,0.22508426010608673,0.29702624678611755,0.8451740741729736,0.6631592512130737,-0.12961778044700623,0.9150909185409546,0.8330525159835815,0.6599473357200623,0.22729063034057617,0.5017224550247192,0.8490622043609619,0.7667977809906006,-0.1919032484292984,0.893591582775116,0.8378385305404663,0.7557164430618286,0.1773221641778946,0.533864438533783
2,0.1534256637096405,0.6987010836601257,-0.09483123570680618,0.9999217987060547,0.1534496247768402,0.6745862364768982,-0.10306801646947861,0.9999083280563354,0.1566707193851471,0.6704325079917908,-0.10310652107000351,0.9998853206634521,0.1601404845714569,0.6659797430038452,-0.10318444669246674,0.9998652338981628,0.1467273235321045,0.680870771408081,-0.07082037627696991,0.999941885471344,0.1453252136707306,0.6812593340873718,-0.07078854739665985,0.9999284148216248,0.14389543235301971,0.6813283562660217,-0.07076573371887207,0.9999438524246216,0.17673471570014954,0.6567155122756958,-0.0840657576918602,0.9997981786727905,0.1567346453666687,0.6719779372215271,0.05728350952267647,0.9999289512634277,0.17085348069667816,0.7080146074295044,-0.08375391364097595,0.9996151328086853,0.16199031472206116,0.7122021317481995,-0.04285183548927307,0.9996865391731262,0.24203063547611237,0.718142032623291,-0.18536007404327393,0.999600350856781,0.2648330628871918,0.6675351858139038,0.22752271592617035,0.9983803033828735,0.3366530239582062,0.7233984470367432,-0.3979879915714264,0.9822925925254822,0.351838618516922,0.6192184686660767,0.41507333517074585,0.04003182798624039,0.2990422546863556,0.8399482369422913,-0.5695851445198059,0.9614683389663696,0.34395596385002136,0.7080206274986267,0.5746693015098572,0.17811767756938934,0.2767027020454407,0.8558599352836609,-0.6051034331321716,0.9430264830589294,0.33280715346336365,0.71102374792099,0.618471086025238,0.24224573373794556,0.2693924903869629,0.8468043208122253,-0.5656212568283081,0.9419308304786682,0.32778921723365784,0.7188718914985657,0.6007881164550781,0.23648041486740112,0.2771831750869751,0.8400437235832214,-0.5557926297187805,0.9134973287582397,0.33241498470306396,0.7224888801574707,0.5727649927139282,0.1974584013223648,0.47950881719589233,0.7588562965393066,-0.14151707291603088,0.9979402422904968,0.48244571685791016,0.7184508442878723,0.1411309689283371,0.9924231767654419,0.6656991839408875,0.7697089910507202,-0.13969652354717255,0.8423896431922913,0.6558864116668701,0.729296863079071,0.13646847009658813,0.15275099873542786,0.8334739804267883,0.7071226835250854,-0.13813772797584534,0.8925533890724182,0.8097330331802368,0.6875093579292297,0.17739148437976837,0.3302318751811981,0.8569698929786682,0.6654743552207947,-0.13598963618278503,0.9210200309753418,0.8371878266334534,0.6564367413520813,0.17516373097896576,0.5261663198471069,0.8716799020767212,0.767488956451416,-0.19345296919345856,0.9013305306434631,0.8491736054420471,0.7524688839912415,0.11889216303825378,0.5607166290283203
3,0.15229210257530212,0.6990470290184021,-0.12588103115558624,0.999920666217804,0.15222987532615662,0.674799919128418,-0.12289229035377502,0.9999045133590698,0.1552855372428894,0.6705262064933777,-0.12309466302394867,0.9998811483383179,0.1590128093957901,0.6658398509025574,-0.12333736568689346,0.9998606443405151,0.14579784870147705,0.6812119483947754,-0.07374858856201172,0.9999387860298157,0.14416049420833588,0.6814355850219727,-0.0735602080821991,0.9999247193336487,0.1424727439880371,0.6816360950469971,-0.07347716391086578,0.9999411106109619,0.17655183374881744,0.6562952995300293,-0.09187078475952148,0.9997883439064026,0.15634991228580475,0.6728477478027344,0.02260194718837738,0.9999245405197144,0.17076228559017181,0.7082448601722717,-0.10841795802116394,0.9996140599250793,0.1615244746208191,0.7122786045074463,-0.054145436733961105,0.9996839165687561,0.24176828563213348,0.7173657417297363,-0.18914097547531128,0.9996208548545837,0.2611265182495117,0.6693852543830872,0.2063584327697754,0.9984371662139893,0.3285970687866211,0.7225760221481323,-0.39949271082878113,0.983590841293335,0.34731966257095337,0.6333858370780945,0.4021167755126953,0.03943433612585068,0.29976609349250793,0.8399696350097656,-0.5461369752883911,0.9633694291114807,0.3366188406944275,0.7182292342185974,0.5644739270210266,0.18054571747779846,0.2766629457473755,0.8562574982643127,-0.577269971370697,0.9448791146278381,0.32130348682403564,0.7257484197616577,0.6057937741279602,0.24431173503398895,0.2693934142589569,0.8474732041358948,-0.545103132724762,0.9440482258796692,0.31989580392837524,0.7303650975227356,0.5919814109802246,0.23873652517795563,0.27732715010643005,0.8407809138298035,-0.5341347455978394,0.9175614714622498,0.3244951069355011,0.7320001125335693,0.5643168687820435,0.1995680332183838,0.47914743423461914,0.7579119801521301,-0.13805615901947021,0.9980455040931702,0.4788529574871063,0.7184543609619141,0.13768522441387177,0.9929452538490295,0.6655993461608887,0.7714754939079285,-0.12840043008327484,0.8560763597488403,0.6560640931129456,0.7275617122650146,0.13142018020153046,0.17483019828796387,0.8334220051765442,0.7071287631988525,-0.13297012448310852,0.9016348719596863,0.8131136298179626,0.6853569746017456,0.1729133278131485,0.3740640878677368,0.8572573065757751,0.6655383706092834,-0.13034804165363312,0.9274919033050537,0.8378491401672363,0.6538370251655579,0.17020972073078156,0.5575854778289795,0.8774308562278748,0.7675255537033081,-0.17190201580524445,0.9095693230628967,0.8521499633789062,0.7524929046630859,0.1234842911362648,0.59340900182724
4,0.14317059516906738,0.7077317833900452,-0.019841572269797325,0.9999107718467712,0.1422121375799179,0.6855536699295044,-0.04416007176041603,0.9998894929885864,0.14506083726882935,0.6820113062858582,-0.044231314212083817,0.9998701214790344,0.14788037538528442,0.678309440612793,-0.04430745914578438,0.999854326248169,0.13673217594623566,0.6893822550773621,-0.002493582433089614,0.9999198913574219,0.13577508926391602,0.6888718605041504,-0.0024918352719396353,0.9999075531959534,0.13495121896266937,0.6884735822677612,-0.0024583516642451286,0.9999303221702576,0.1664237529039383,0.6668102145195007,-0.08749651163816452,0.9997738003730774,0.15265865623950958,0.6748771667480469,0.08623822778463364,0.9999093413352966,0.16123288869857788,0.7164509296417236,-0.03205755352973938,0.9996166825294495,0.1540595293045044,0.7195050120353699,0.020979344844818115,0.9996688961982727,0.23152676224708557,0.720843493938446,-0.1882040947675705,0.999650776386261,0.2600342929363251,0.673706591129303,0.22545069456100464,0.9984868168830872,0.3232376277446747,0.7224603295326233,-0.34913212060928345,0.9844481348991394,0.3473607003688812,0.6345535516738892,0.4037504196166992,0.040146131068468094,0.29971784353256226,0.8419333100318909,-0.4669032394886017,0.9641504287719727,0.33727046847343445,0.7204049229621887,0.5541046857833862,0.17694750428199768,0.2757680416107178,0.8588694334030151,-0.5025858283042908,0.9459268450737,0.32162293791770935,0.7269191741943359,0.5873391032218933,0.23999449610710144,0.2684333920478821,0.8493559956550598,-0.4702542722225189,0.9451081156730652,0.3196013271808624,0.734896183013916,0.5658854842185974,0.23514091968536377,0.27661457657814026,0.8430758714675903,-0.45443156361579895,0.9197598099708557,0.32462355494499207,0.7361548542976379,0.5492401123046875,0.19744929671287537,0.47697576880455017,0.7577144503593445,-0.1383168250322342,0.9981715083122253,0.47525838017463684,0.7186940908432007,0.1380542814731598,0.993421733379364,0.6628939509391785,0.7742083668708801,-0.1257728934288025,0.867627739906311,0.6559246778488159,0.7269237637519836,0.1338217854499817,0.1876305490732193,0.8313544988632202,0.7094445824623108,-0.11768165230751038,0.9100755453109741,0.8159592151641846,0.685537576675415,0.1782277226448059,0.4037654995918274,0.8562362790107727,0.6689439415931702,-0.1135159283876419,0.9331530928611755,0.8390468955039978,0.6526165008544922,0.17670106887817383,0.5759525895118713,0.8757992386817932,0.77274489402771,-0.16963861882686615,0.9170340895652771,0.8572105169296265,0.7525530457496643,0.11784854531288147,0.6180232167243958
5,0.1390836387872696,0.7139251232147217,0.031243471428751945,0.9998888969421387,0.13767781853675842,0.693696141242981,0.00010007752280216664,0.9998600482940674,0.13965025544166565,0.6921457052230835,4.359183367341757e-05,0.9998462796211243,0.14160586893558502,0.6909657716751099,-8.317418860315229e-07,0.9998373985290527,0.13583943247795105,0.6933359503746033,0.04580973461270332,0.9998791813850403,0.13585345447063446,0.6914423704147339,0.04579572007060051,0.9998709559440613,0.13507625460624695,0.6898890733718872,0.04581620171666145,0.9999060034751892,0.16003131866455078,0.6823486089706421,-0.07466791570186615,0.999741792678833,0.1532660722732544,0.6768552660942078,0.12621250748634338,0.9998706579208374,0.15381745994091034,0.7224498391151428,0.00906912237405777,0.9995958209037781,0.1521940380334854,0.7228736281394958,0.06757844984531403,0.9996086359024048,0.2241923213005066,0.7207762598991394,-0.18682761490345,0.9996808767318726,0.25846147537231445,0.6738693118095398,0.2593332529067993,0.9984537363052368,0.3159755766391754,0.7106702327728271,-0.29560744762420654,0.9855402708053589,0.3438248634338379,0.6372687220573425,0.41028326749801636,0.03917646408081055,0.3039761781692505,0.8415191173553467,-0.3370160460472107,0.9663400053977966,0.3373957872390747,0.7275369167327881,0.5322549939155579,0.1683609038591385,0.27879613637924194,0.8590869307518005,-0.3691833019256592,0.9487549662590027,0.3198166787624359,0.7313632369041443,0.5593307614326477,0.22925648093223572,0.27158164978027344,0.8496742844581604,-0.33945658802986145,0.9479402303695679,0.31703662872314453,0.7382766604423523,0.5331022143363953,0.22503702342510223,0.28013163805007935,0.8433794975280762,-0.3232461214065552,0.9240409135818481,0.3229582607746124,0.7416478991508484,0.5232590436935425,0.19004464149475098,0.47341904044151306,0.7571934461593628,-0.14137445390224457,0.9982669353485107,0.473103791475296,0.7182474732398987,0.14128755033016205,0.9938090443611145,0.6614904999732971,0.7728349566459656,-0.12397132813930511,0.877144455909729,0.6551040410995483,0.7212136387825012,0.13697481155395508,0.2000279426574707,0.8314498662948608,0.7094741463661194,-0.11070627719163895,0.9171079397201538,0.8166110515594482,0.6820015907287598,0.18515051901340485,0.42869994044303894,0.8586693406105042,0.6688015460968018,-0.10687675327062607,0.9379389882087708,0.8397561311721802,0.6496931910514832,0.18447345495224,0.5918198823928833,0.8755375146865845,0.7737334966659546,-0.17073793709278107,0.9233972430229187,0.855573296546936,0.7496680617332458,0.12745028734207153,0.6395933628082275
6,0.1445624977350235,0.7360363006591797,-0.049486078321933746,0.9998814463615417,0.1384560465812683,0.7135413885116577,-0.0669524148106575,0.9998500347137451,0.14104564487934113,0.7103961706161499,-0.06699144095182419,0.9998336434364319,0.14351333677768707,0.706630289554596,-0.06705399602651596,0.9998286366462708,0.13716234266757965,0.7177315950393677,-0.029642563313245773,0.9998709559440613,0.13733620941638947,0.7171413898468018,-0.029639724642038345,0.9998593926429749,0.1367436796426773,0.7168036103248596,-0.029627997428178787,0.9998986124992371,0.1614271104335785,0.6891034841537476,-0.08390843123197556,0.999719500541687,0.15316855907440186,0.7002074718475342,0.08462128043174744,0.9998576641082764,0.16145792603492737,0.7399433851242065,-0.04951081797480583,0.9995744228363037,0.16003665328025818,0.746021568775177,-0.0018743787659332156,0.9995856285095215,0.22552329301834106,0.7210795879364014,-0.18846365809440613,0.9996891021728516,0.25422996282577515,0.6813085079193115,0.24855893850326538,0.998511552810669,0.3209167420864105,0.7301273345947266,-0.33547914028167725,0.9859829545021057,0.34289973974227905,0.6422109007835388,0.3981131613254547,0.040402624756097794,0.306594580411911,0.8415339589118958,-0.4022907316684723,0.9659321904182434,0.3369115889072418,0.7272949814796448,0.49296268820762634,0.16575835645198822,0.2796972095966339,0.8595757484436035,-0.4316502511501312,0.9477890133857727,0.318940669298172,0.7304828763008118,0.5194752812385559,0.22545258700847626,0.27246323227882385,0.8503348231315613,-0.40153056383132935,0.9468927979469299,0.3164171576499939,0.7385848760604858,0.49642103910446167,0.22188442945480347,0.2807198762893677,0.844062089920044,-0.3899039328098297,0.9234835505485535,0.3220652639865875,0.7415160536766052,0.485105961561203,0.18858173489570618,0.4728004038333893,0.756702721118927,-0.14256834983825684,0.9982838034629822,0.47103816270828247,0.7182814478874207,0.1424894481897354,0.9940962791442871,0.660546064376831,0.7727386355400085,-0.12922212481498718,0.8863875269889832,0.6551234722137451,0.7186307907104492,0.13234256207942963,0.22157709300518036,0.8316186666488647,0.7100844383239746,-0.12167651951313019,0.9232191443443298,0.8188410997390747,0.6821786761283875,0.16936685144901276,0.45720428228378296,0.8600121140480042,0.6698494553565979,-0.11954127997159958,0.9421546459197998,0.8433479070663452,0.6496348977088928,0.16661614179611206,0.6114848256111145,0.8779430985450745,0.7785975337028503,-0.1844838261604309,0.929270327091217,0.8565840721130371,0.7511833310127258,0.1091076135635376,0.6609946489334106
7,0.14476116001605988,0.7132434844970703,-0.24332819879055023,0.9998869299888611,0.13926512002944946,0.6893231868743896,-0.2310233861207962,0.9998570680618286,0.14338597655296326,0.6846141219139099,-0.23102079331874847,0.9998392462730408,0.14763930439949036,0.6798402070999146,-0.231090247631073,0.9998323321342468,0.1374332755804062,0.6964628100395203,-0.20905384421348572,0.9998784065246582,0.1373710185289383,0.6973510980606079,-0.20901180803775787,0.9998663067817688,0.136347234249115,0.6982383131980896,-0.20893611013889313,0.99990314245224,0.16580186784267426,0.6686166524887085,-0.12289470434188843,0.9997240304946899,0.15144486725330353,0.6892433762550354,-0.026263123378157616,0.9998627305030823,0.16288714110851288,0.7222784161567688,-0.2005050778388977,0.9995753169059753,0.15983542799949646,0.730162501335144,-0.17280498147010803,0.9995966553688049,0.23030146956443787,0.7203705310821533,-0.20978756248950958,0.9996832013130188,0.25357311964035034,0.6810145974159241,0.20214466750621796,0.998488187789917,0.3240531384944916,0.729121208190918,-0.42460113763809204,0.9867563247680664,0.3430580198764801,0.6408482789993286,0.39961662888526917,0.039305876940488815,0.31194064021110535,0.8403276205062866,-0.6262000799179077,0.9662806391716003,0.3371477723121643,0.7259388566017151,0.505314290523529,0.1661510318517685,0.2852049469947815,0.8587960600852966,-0.6679455041885376,0.9473206400871277,0.3190382421016693,0.7312706112861633,0.5255107879638672,0.22475001215934753,0.27731558680534363,0.8499807119369507,-0.6389413475990295,0.946807861328125,0.316535085439682,0.7388439774513245,0.5041161775588989,0.22181229293346405,0.285175085067749,0.8437654376029968,-0.6177059412002563,0.9244372844696045,0.32250186800956726,0.7411385774612427,0.493500679731369,0.1884281039237976,0.47325414419174194,0.756596565246582,-0.1425779014825821,0.9982264041900635,0.47169941663742065,0.7179142832756042,0.14247795939445496,0.9941948056221008,0.6604616641998291,0.7726684808731079,-0.13114555180072784,0.8942874073982239,0.6551086902618408,0.7162147760391235,0.1344972848892212,0.22687368094921112,0.8318172097206116,0.7118330001831055,-0.1253751516342163,0.927133321762085,0.8178247213363647,0.6825297474861145,0.17438030242919922,0.4718032479286194,0.859520673751831,0.6714122295379639,-0.12274247407913208,0.9447980523109436,0.8429845571517944,0.6490522027015686,0.17426851391792297,0.6260195374488831,0.8767684102058411,0.7782025337219238,-0.18433479964733124,0.9328182339668274,0.8563311696052551,0.7492628693580627,0.11221034824848175,0.6732650995254517
8,0.14849166572093964,0.7055212259292603,-0.22848378121852875,0.9998897910118103,0.14523087441921234,0.6803474426269531,-0.21721869707107544,0.9998598098754883,0.1500474512577057,0.6751297116279602,-0.21723049879074097,0.9998407363891602,0.15467099845409393,0.6696578860282898,-0.21730437874794006,0.9998312592506409,0.13934002816677094,0.6899328827857971,-0.1968502700328827,0.9998829960823059,0.13850273191928864,0.6913859844207764,-0.196807399392128,0.9998701214790344,0.13715426623821259,0.6925913095474243,-0.19676481187343597,0.9999053478240967,0.1722724437713623,0.658852756023407,-0.12024552375078201,0.9997228980064392,0.1515016406774521,0.6849355697631836,-0.02397940121591091,0.9998645782470703,0.16921429336071014,0.714127242565155,-0.1868644654750824,0.9995636940002441,0.16234850883483887,0.7247915863990784,-0.1613835096359253,0.9995948672294617,0.2336500734090805,0.7195479869842529,-0.20813123881816864,0.9996782541275024,0.2532918453216553,0.6810335516929626,0.20406940579414368,0.9983903765678406,0.3258090317249298,0.726381242275238,-0.42859044671058655,0.9875615239143372,0.3431188464164734,0.641796886920929,0.41724416613578796,0.037742357701063156,0.3133161664009094,0.8401124477386475,-0.6256972551345825,0.9671568870544434,0.3367464244365692,0.7251295447349548,0.5770730376243591,0.16503144800662994,0.28698238730430603,0.8587822318077087,-0.6621986031532288,0.9477258324623108,0.319181352853775,0.7319602370262146,0.6194354295730591,0.2228662073612213,0.2789992392063141,0.8499661684036255,-0.6340311169624329,0.9475064277648926,0.31646329164505005,0.7388873100280762,0.6044389009475708,0.22033412754535675,0.2866664230823517,0.8437379002571106,-0.6166647672653198,0.926324725151062,0.3228032886981964,0.7405139207839966,0.5759521722793579,0.1869911402463913,0.4736019968986511,0.7570830583572388,-0.14204779267311096,0.9982003569602966,0.4721324145793915,0.7184081077575684,0.14184418320655823,0.994361937046051,0.6607728600502014,0.7726047039031982,-0.13700741529464722,0.9031563997268677,0.6566979289054871,0.7151423692703247,0.13144470751285553,0.2444193810224533,0.8342112898826599,0.7117622494697571,-0.14417380094528198,0.932274580001831,0.8224654197692871,0.6824849247932434,0.1665993183851242,0.5004666447639465,0.8663523197174072,0.6720800399780273,-0.14298738539218903,0.948016345500946,0.8496060967445374,0.6484734416007996,0.1624682992696762,0.6468618512153625,0.8787025809288025,0.7806233167648315,-0.19834592938423157,0.9373876452445984,0.8595569729804993,0.7504965662956238,0.10870227962732315,0.6929196119308472
9,0.14849774539470673,0.7158821225166321,-0.2003004401922226,0.9998819231987,0.14518935978412628,0.6922710537910461,-0.1894775927066803,0.9998437166213989,0.14980022609233856,0.6872154474258423,-0.18936023116111755,0.9998204112052917,0.15436097979545593,0.6816006898880005,-0.18933871388435364,0.9998101592063904,0.139153853058815,0.701447606086731,-0.1957869529724121,0.9998747110366821,0.13818404078483582,0.7027902603149414,-0.19588084518909454,0.9998586177825928,0.13678671419620514,0.7039883732795715,-0.19554878771305084,0.9998958110809326,0.171670064330101,0.6688203811645508,-0.10247925668954849,0.9996814727783203,0.1488911509513855,0.6956808567047119,-0.004388059955090284,0.9998494386672974,0.1692028045654297,0.7226398587226868,-0.1555732637643814,0.9995332956314087,0.16215549409389496,0.7331166863441467,-0.15675857663154602,0.999565601348877,0.23397625982761383,0.7195324897766113,-0.1912224292755127,0.9996746182441711,0.24418950080871582,0.6884346604347229,0.19539093971252441,0.9984027147293091,0.3206363320350647,0.7248905301094055,-0.42090001702308655,0.9882041811943054,0.3380143642425537,0.6422343850135803,0.39532989263534546,0.03840118274092674,0.3078557252883911,0.8453103303909302,-0.6161681413650513,0.9671028852462769,0.3351052701473236,0.707131028175354,0.5359062552452087,0.16700628399848938,0.2803584337234497,0.8653548359870911,-0.6375245451927185,0.9470251798629761,0.3262288570404053,0.7054862976074219,0.5693394541740417,0.22564242780208588,0.2713130712509155,0.8549584150314331,-0.6122375726699829,0.9471195340156555,0.31721606850624084,0.7231540083885193,0.5535959005355835,0.2234247475862503,0.2800912857055664,0.8480480909347534,-0.6099668145179749,0.9271271228790283,0.3237805664539337,0.7167179584503174,0.5344966053962708,0.18932870030403137,0.4737442433834076,0.7575584650039673,-0.13433919847011566,0.9982466697692871,0.4706708788871765,0.7228695154190063,0.13403628766536713,0.9945580959320068,0.6592453122138977,0.7721051573753357,-0.13509324193000793,0.9109479188919067,0.6549160480499268,0.7152803540229797,0.11974075436592102,0.2595308721065521,0.8343499898910522,0.7107111811637878,-0.1570296585559845,0.9372308254241943,0.8213709592819214,0.6842375993728638,0.14175304770469666,0.5243101119995117,0.8649805784225464,0.6709417104721069,-0.1573289930820465,0.9514986872673035,0.8489137291908264,0.6506242752075195,0.13623592257499695,0.6639559864997864,0.883806586265564,0.7793868780136108,-0.21052223443984985,0.9418684840202332,0.8592287302017212,0.7520517110824585,0.08658748120069504,0.7107939124107361
10,0.14843766391277313,0.7252699732780457,-0.17786698043346405,0.9998834729194641,0.14438754320144653,0.7019347548484802,-0.17458179593086243,0.9998456835746765,0.1487320512533188,0.6963970065116882,-0.17454646527767181,0.9998209476470947,0.15307490527629852,0.6901527643203735,-0.1745743602514267,0.9998102188110352,0.13832077383995056,0.7121814489364624,-0.15856745839118958,0.999877393245697,0.13732090592384338,0.7135840654373169,-0.1585816591978073,0.9998599290847778,0.13593833148479462,0.7148582339286804,-0.15845109522342682,0.9998964071273804,0.16968289017677307,0.6758047342300415,-0.10229746252298355,0.9996806383132935,0.14654727280139923,0.7069047093391418,0.00395595096051693,0.9998483061790466,0.1691400706768036,0.7309808731079102,-0.1466054618358612,0.9995357394218445,0.16204391419887543,0.741897463798523,-0.12487751245498657,0.999564528465271,0.23421092331409454,0.7205801606178284,-0.19656068086624146,0.9996885657310486,0.24558863043785095,0.6900149583816528,0.19943484663963318,0.998400092124939,0.3187039792537689,0.7241533994674683,-0.43586212396621704,0.9889991879463196,0.3368711471557617,0.6414650678634644,0.40984398126602173,0.03856654837727547,0.3077005445957184,0.8433177471160889,-0.6187191009521484,0.9684610962867737,0.334200918674469,0.7069899439811707,0.5760236978530884,0.17200149595737457,0.2803824543952942,0.8638409972190857,-0.6484017372131348,0.9482707381248474,0.31953164935112,0.7137537002563477,0.6169390678405762,0.2309408187866211,0.271506667137146,0.8544488549232483,-0.6173298358917236,0.9485632181167603,0.31494656205177307,0.7243120074272156,0.6038577556610107,0.22860503196716309,0.28029078245162964,0.8469517230987549,-0.6075069904327393,0.9296244978904724,0.32255589962005615,0.7174948453903198,0.5764292478561401,0.19347868859767914,0.47320130467414856,0.7585322856903076,-0.13468897342681885,0.9982964396476746,0.4704727828502655,0.7229741811752319,0.134261354804039,0.9947603940963745,0.6584931015968323,0.7707276940345764,-0.1340174525976181,0.9163556694984436,0.6538074016571045,0.715801477432251,0.12335807830095291,0.26379087567329407,0.8343391418457031,0.7093906402587891,-0.15226943790912628,0.9407775402069092,0.8199317455291748,0.6842682957649231,0.15668301284313202,0.5344430208206177,0.8627600073814392,0.6684145927429199,-0.1517961472272873,0.9538266062736511,0.8441608548164368,0.6502078771591187,0.1530289202928543,0.6732756495475769,0.8829586505889893,0.7784759402275085,-0.20693975687026978,0.9451436400413513,0.8589048981666565,0.7520412802696228,0.09065281599760056,0.720944344997406
11,0.148437038064003,0.7431365251541138,-0.16818949580192566,0.9998854994773865,0.14321663975715637,0.7203075289726257,-0.1733834147453308,0.9998490810394287,0.1466708779335022,0.7162442803382874,-0.17345406115055084,0.999822735786438,0.15008516609668732,0.7106208801269531,-0.17355337738990784,0.9998123049736023,0.13753275573253632,0.7277109026908875,-0.15041272342205048,0.9998809099197388,0.1364850252866745,0.7286755442619324,-0.15047848224639893,0.9998620748519897,0.13520628213882446,0.7298265695571899,-0.15047799050807953,0.9998979568481445,0.1665044128894806,0.6904904246330261,-0.10908672213554382,0.9996861219406128,0.1460772156715393,0.718300998210907,0.010047433897852898,0.999851405620575,0.16913917660713196,0.7457244992256165,-0.14396189153194427,0.9995473623275757,0.16217751801013947,0.7557686567306519,-0.11046715080738068,0.9995725154876709,0.23259687423706055,0.7252846360206604,-0.2006194293498993,0.9997019171714783,0.2456905096769333,0.6893444061279297,0.20067626237869263,0.9984684586524963,0.3195881247520447,0.7238561511039734,-0.4319378733634949,0.9897093176841736,0.33713847398757935,0.6284494400024414,0.41130882501602173,0.04045211151242256,0.31182152032852173,0.8406713008880615,-0.6167927980422974,0.9702191948890686,0.34031015634536743,0.7045696377754211,0.5614718198776245,0.1805548518896103,0.2857808768749237,0.8585376739501953,-0.6530764102935791,0.9506998062133789,0.3425706624984741,0.7053572535514832,0.5986549854278564,0.23988163471221924,0.27801313996315,0.8503692150115967,-0.6174442768096924,0.950987696647644,0.331900954246521,0.7201465964317322,0.5775661468505859,0.23759415745735168,0.28546780347824097,0.8433089256286621,-0.6037815809249878,0.9330505728721619,0.3283114731311798,0.7185400128364563,0.5579966306686401,0.20162305235862732,0.4732602834701538,0.7591842412948608,-0.1376892775297165,0.9983193874359131,0.4706982374191284,0.7226319313049316,0.1372903287410736,0.9949312806129456,0.658575177192688,0.77071613073349,-0.1263592392206192,0.922261118888855,0.6546062231063843,0.7163571119308472,0.13972178101539612,0.26982176303863525,0.8343728184700012,0.7107406854629517,-0.12304205447435379,0.9438632726669312,0.8193832635879517,0.6852509379386902,0.19518618285655975,0.5428429841995239,0.8622345924377441,0.6698927283287048,-0.1206054836511612,0.9564323425292969,0.8438276648521423,0.6512274742126465,0.19360584020614624,0.6820372939109802,0.882465124130249,0.779670774936676,-0.1715894490480423,0.9480481147766113,0.8593347072601318,0.7532376050949097,0.14455503225326538,0.7288879752159119
12,0.1466648429632187,0.7424728870391846,-0.16753935813903809,0.9998819828033447,0.14041680097579956,0.7201330661773682,-0.17277076840400696,0.9998460412025452,0.14355093240737915,0.7154382467269897,-0.17278970777988434,0.9998154044151306,0.1467171013355255,0.7098877429962158,-0.17285750806331635,0.9998060464859009,0.13550053536891937,0.7269249558448792,-0.14433731138706207,0.9998791217803955,0.13462984561920166,0.7277103066444397,-0.1443430334329605,0.9998571276664734,0.13356493413448334,0.7286533117294312,-0.14431221783161163,0.9998942613601685,0.16299234330654144,0.6919276118278503,-0.1276441514492035,0.9996774792671204,0.14444896578788757,0.7172574996948242,0.006856769789010286,0.9998446702957153,0.16751928627490997,0.746524453163147,-0.14708790183067322,0.9995380640029907,0.1609785258769989,0.7552385926246643,-0.1089939996600151,0.9995594024658203,0.22918377816677094,0.7285804152488708,-0.21444493532180786,0.9997088313102722,0.24584662914276123,0.6886557936668396,0.19743245840072632,0.9984853267669678,0.3205752670764923,0.7188766598701477,-0.4263768196105957,0.9901983737945557,0.33756643533706665,0.6285243034362793,0.384974867105484,0.0410020612180233,0.3129577040672302,0.8389666676521301,-0.5932035446166992,0.9707403779029846,0.3403633236885071,0.708113968372345,0.498006135225296,0.17982690036296844,0.2870936393737793,0.8552653789520264,-0.6314716339111328,0.9507735371589661,0.3337763845920563,0.7165375351905823,0.5305557250976562,0.2383565455675125,0.2797764837741852,0.84846431016922,-0.586422860622406,0.9509944915771484,0.32760459184646606,0.7275065779685974,0.5073397159576416,0.23610109090805054,0.28673064708709717,0.841639518737793,-0.5758125185966492,0.9333471655845642,0.32764026522636414,0.7266063690185547,0.4921680688858032,0.20088393986225128,0.4733070433139801,0.759635865688324,-0.14037850499153137,0.9983090162277222,0.4708985388278961,0.7223677039146423,0.14003291726112366,0.9949588775634766,0.6586557626724243,0.7698394060134888,-0.11839841306209564,0.9247422218322754,0.6539462804794312,0.7165346145629883,0.1534666270017624,0.26629406213760376,0.8343418836593628,0.7107024192810059,-0.09072139114141464,0.9448278546333313,0.8173871636390686,0.6865410804748535,0.2247028648853302,0.536564826965332,0.8608850836753845,0.6691803932189941,-0.08571319282054901,0.9580280184745789,0.8394627571105957,0.6523128747940063,0.22546419501304626,0.6818955540657043,0.8819224834442139,0.7768492698669434,-0.13323050737380981,0.9490559697151184,0.8591245412826538,0.7534387111663818,0.18203285336494446,0.7255718111991882
13,0.0,0.0,0.0,0.0,0.0,0.0,0.0,0.0,0.0,0.0,0.0,0.0,0.0,0.0,0.0,0.0,0.0,0.0,0.0,0.0,0.0,0.0,0.0,0.0,0.0,0.0,0.0,0.0,0.0,0.0,0.0,0.0,0.0,0.0,0.0,0.0,0.0,0.0,0.0,0.0,0.0,0.0,0.0,0.0,0.0,0.0,0.0,0.0,0.0,0.0,0.0,0.0,0.0,0.0,0.0,0.0,0.0,0.0,0.0,0.0,0.0,0.0,0.0,0.0,0.0,0.0,0.0,0.0,0.0,0.0,0.0,0.0,0.0,0.0,0.0,0.0,0.0,0.0,0.0,0.0,0.0,0.0,0.0,0.0,0.0,0.0,0.0,0.0,0.0,0.0,0.0,0.0,0.0,0.0,0.0,0.0,0.0,0.0,0.0,0.0,0.0,0.0,0.0,0.0,0.0,0.0,0.0,0.0,0.0,0.0,0.0,0.0,0.0,0.0,0.0,0.0,0.0,0.0,0.0,0.0,0.0,0.0,0.0,0.0,0.0,0.0,0.0,0.0,0.0,0.0,0.0,0.0
14,0.8307349681854248,0.6936036944389343,-0.06358566135168076,0.999893307685852,0.8352189064025879,0.6736442446708679,-0.03814582899212837,0.9998608827590942,0.8358166217803955,0.6731851100921631,-0.038126107305288315,0.9998332262039185,0.8364622592926025,0.6727442741394043,-0.03812533617019653,0.9998250007629395,0.8308618068695068,0.6708428859710693,-0.08419808000326157,0.9998908042907715,0.8279470205307007,0.6683180332183838,-0.08423952013254166,0.999871015548706,0.8245657682418823,0.6658275127410889,-0.08425124734640121,0.9999045133590698,0.8215103149414062,0.6620455384254456,0.08803372085094452,0.9997090697288513,0.8049921989440918,0.6577703952789307,-0.12039460241794586,0.9998595118522644,0.821049153804779,0.7050135135650635,-0.013005065731704235,0.9995810985565186,0.8160027861595154,0.702221155166626,-0.07342903316020966,0.9996008276939392,0.7234004735946655,0.6485997438430786,0.2426883727312088,0.9996513724327087,0.7408601641654968,0.7051050662994385,-0.22143958508968353,0.9986288547515869,0.646857738494873,0.6081765294075012,0.48641788959503174,0.900012731552124,0.6480607986450195,0.6885202527046204,-0.4592163562774658,0.13514107465744019,0.6607494354248047,0.7095000147819519,0.6890370845794678,0.8922811150550842,0.6780046224594116,0.8309080004692078,-0.6704215407371521,0.2596908211708069,0.6720873117446899,0.7188538312911987,0.7379944324493408,0.8836708664894104,0.7026454210281372,0.8445901870727539,-0.7324464917182922,0.31131643056869507,0.6777584552764893,0.7252752780914307,0.6946994662284851,0.884834885597229,0.7104887366294861,0.8359026312828064,-0.69249027967453,0.3086421489715576,0.6755532622337341,0.7253735065460205,0.677125096321106,0.8665889501571655,0.7023276686668396,0.8290035724639893,-0.6589590907096863,0.27378174662590027,0.5058742165565491,0.7105456590652466,0.1600872278213501,0.9977253079414368,0.5067547559738159,0.7608740925788879,-0.1601562350988388,0.9952629208564758,0.34454742074012756,0.725506603717804,0.22923609614372253,0.8583641648292542,0.3202752470970154,0.7776265740394592,-0.1751650869846344,0.33566173911094666,0.20237970352172852,0.6824318170547485,0.3531694710254669,0.9073985815048218,0.17348021268844604,0.7143411040306091,-0.1542714536190033,0.5818930268287659,0.17312777042388916,0.6496341228485107,0.35969990491867065,0.9231741428375244,0.14713925123214722,0.6728363633155823,-0.15505866706371307,0.7112928628921509,0.15268272161483765,0.7630519866943359,0.3006989359855652,0.9291965961456299,0.13796240091323853,0.7853404879570007,-0.24449032545089722,0.7507929801940918
15,0.8334711790084839,0.6948099732398987,-0.06572160124778748,0.9999005198478699,0.8376645445823669,0.6748260259628296,-0.03975332900881767,0.9998709559440613,0.8382812738418579,0.674369215965271,-0.03974037989974022,0.9998457431793213,0.838925302028656,0.6739477515220642,-0.03974065184593201,0.9998396039009094,0.8330700397491455,0.6719544529914856,-0.08716105669736862,0.9998986124992371,0.8300868272781372,0.6693179607391357,-0.08720498532056808,0.9998810291290283,0.8266215920448303,0.6665778160095215,-0.08725757896900177,0.9999117851257324,0.8227675557136536,0.6640809178352356,0.08708792924880981,0.9997339248657227,0.806559681892395,0.6596511006355286,-0.1287352591753006,0.9998698830604553,0.8239915370941162,0.7067399024963379,-0.014697033911943436,0.9996092319488525,0.818859875202179,0.7035804390907288,-0.07699934393167496,0.9996311068534851,0.7307355999946594,0.6489208936691284,0.24748794734477997,0.9996206164360046,0.7408648729324341,0.7049489617347717,-0.23694056272506714,0.9987555742263794,0.6469806432723999,0.6074452996253967,0.4905795753002167,0.8174152374267578,0.6479786038398743,0.6823699474334717,-0.47385334968566895,0.21976853907108307,0.6610804796218872,0.7151886224746704,0.678937554359436,0.8143113851547241,0.677812933921814,0.8324348330497742,-0.6934939622879028,0.3310478627681732,0.6734116673469543,0.7247276902198792,0.7250369191169739,0.8130860924720764,0.70257967710495,0.8463627099990845,-0.7599645256996155,0.376674622297287,0.6789470911026001,0.7292653918266296,0.6754627227783203,0.8146907687187195,0.7101840376853943,0.8363341689109802,-0.7212074995040894,0.3738020658493042,0.6763096451759338,0.7302857041358948,0.6638107895851135,0.7973764538764954,0.701993465423584,0.82980877161026,-0.6821125149726868,0.3394394814968109,0.5061123371124268,0.7124391198158264,0.16148144006729126,0.9975399374961853,0.5068483352661133,0.7617757320404053,-0.16151194274425507,0.9955020546913147,0.34509041905403137,0.7290176749229431,0.20148688554763794,0.8165045976638794,0.32499462366104126,0.7777617573738098,-0.17737503349781036,0.39823994040489197,0.19796429574489594,0.6832979321479797,0.3052672743797302,0.8862617015838623,0.17473693192005157,0.7145015001296997,-0.15402886271476746,0.6222845315933228,0.16996632516384125,0.6493354439735413,0.30804452300071716,0.9048919677734375,0.14589755237102509,0.6742817759513855,-0.154412180185318,0.7373677492141724,0.1616862565279007,0.7626612186431885,0.23164112865924835,0.9167831540107727,0.13780109584331512,0.7858742475509644,-0.24578435719013214,0.773653507232666
16,0.8346804976463318,0.7083505988121033,-0.036762092262506485,0.9999052882194519,0.8396366834640503,0.6868327260017395,-0.01517390925437212,0.999878466129303,0.8400893807411194,0.6856390833854675,-0.015174978412687778,0.9998557567596436,0.840562105178833,0.684422492980957,-0.015178993344306946,0.9998517632484436,0.8357512354850769,0.685333788394928,-0.06433700770139694,0.999903678894043,0.8331344127655029,0.6829519271850586,-0.06438421458005905,0.9998884797096252,0.8300625681877136,0.6802579760551453,-0.06447122246026993,0.9999169111251831,0.8233758211135864,0.6719927787780762,0.0958101898431778,0.9997551441192627,0.8092283606529236,0.6713969707489014,-0.12767553329467773,0.9998778700828552,0.8241632580757141,0.7184755206108093,0.00921144150197506,0.9996321201324463,0.8197521567344666,0.7165363430976868,-0.05550271272659302,0.9996567964553833,0.731161892414093,0.6488720178604126,0.25490617752075195,0.9996058344841003,0.7406264543533325,0.7051806449890137,-0.23526336252689362,0.9988715052604675,0.6471319794654846,0.6002989411354065,0.5004627108573914,0.7460142374038696,0.6453962326049805,0.6798627972602844,-0.47169408202171326,0.29592663049697876,0.6610764861106873,0.7153934836387634,0.6859869956970215,0.7429127097129822,0.6766612529754639,0.8328493237495422,-0.6896190643310547,0.3956303298473358,0.673306405544281,0.7252324819564819,0.7324642539024353,0.747708797454834,0.7018566131591797,0.8478918075561523,-0.7538284659385681,0.4361629784107208,0.6789990663528442,0.7296330332756042,0.6757978200912476,0.749610960483551,0.7093225717544556,0.8365611433982849,-0.716097891330719,0.4332274794578552,0.6763446927070618,0.7306707501411438,0.6686550974845886,0.7337971925735474,0.701147198677063,0.8300145268440247,-0.6797755360603333,0.39961108565330505,0.5061459541320801,0.7150450348854065,0.161454975605011,0.997370719909668,0.5063720941543579,0.7656295299530029,-0.16147516667842865,0.9957360625267029,0.34547850489616394,0.7289291620254517,0.2026301771402359,0.7811606526374817,0.32623469829559326,0.777508020401001,-0.1772366613149643,0.4542773365974426,0.19390632212162018,0.6835002303123474,0.3113633096218109,0.8690077066421509,0.1747131645679474,0.7144460678100586,-0.14782093465328217,0.6586686968803406,0.16628128290176392,0.6490045189857483,0.31472283601760864,0.8926449418067932,0.14415103197097778,0.6745821237564087,-0.14724330604076385,0.7611925005912781,0.16406506299972534,0.7608272433280945,0.2404768317937851,0.9068818688392639,0.13728268444538116,0.7859310507774353,-0.24083904922008514,0.7943071126937866
17,0.8359347581863403,0.7216616272926331,-0.03296569362282753,0.9999076724052429,0.8419286012649536,0.7006162405014038,-0.012331345118582249,0.9998829364776611,0.8423068523406982,0.699085533618927,-0.012335153296589851,0.9998623132705688,0.8427406549453735,0.6973581910133362,-0.012341652996838093,0.9998608827590942,0.8386110067367554,0.6980684995651245,-0.06087891757488251,0.9999063611030579,0.8363653421401978,0.6949031352996826,-0.06092403456568718,0.9998932480812073,0.833799421787262,0.6917141675949097,-0.06100720539689064,0.9999200105667114,0.8255507946014404,0.6815856099128723,0.09606834501028061,0.9997716546058655,0.8129383325576782,0.6793226599693298,-0.12753458321094513,0.9998829364776611,0.8241079449653625,0.7311711311340332,0.012222275137901306,0.9996477961540222,0.8199262022972107,0.7275941371917725,-0.05160708725452423,0.9996768236160278,0.7320844531059265,0.649023175239563,0.2540588676929474,0.999588131904602,0.7405182123184204,0.7058828473091125,-0.23386667668819427,0.9989745616912842,0.6482859253883362,0.5985625386238098,0.48928752541542053,0.6836475133895874,0.6451489925384521,0.6730711460113525,-0.4680747389793396,0.3644069731235504,0.661093533039093,0.717224657535553,0.661538302898407,0.6775581240653992,0.6759384274482727,0.833003044128418,-0.6714321374893188,0.4532037675380707,0.6735066175460815,0.7280821204185486,0.7047003507614136,0.6864840388298035,0.7015682458877563,0.8488326072692871,-0.7337097525596619,0.4889080226421356,0.6795949935913086,0.7314282655715942,0.6534486413002014,0.6885662078857422,0.7088788747787476,0.8369442224502563,-0.6933561563491821,0.4858405292034149,0.6766127943992615,0.732423722743988,0.6451325416564941,0.6742162704467773,0.7006396651268005,0.8303607106208801,-0.6587932705879211,0.45246151089668274,0.5065982341766357,0.7166244983673096,0.1604573130607605,0.9971360564231873,0.5065205097198486,0.76759272813797,-0.16046227514743805,0.995871365070343,0.34575361013412476,0.7296577095985413,0.19458341598510742,0.745374321937561,0.32767730951309204,0.7774914503097534,-0.16287100315093994,0.503244161605835,0.19144302606582642,0.6846560835838318,0.29267409443855286,0.8465674519538879,0.17504680156707764,0.71488356590271,-0.11768686026334763,0.6906912922859192,0.16350297629833221,0.6490403413772583,0.29461991786956787,0.8766199350357056,0.14428722858428955,0.6756241321563721,-0.11558270454406738,0.7818005084991455,0.16332507133483887,0.7608348727226257,0.21995572745800018,0.8931993842124939,0.13646605610847473,0.7860072255134583,-0.20617808401584625,0.8121181130409241
18,0.835822343826294,0.7316756844520569,-0.040401361882686615,0.9999114274978638,0.8419995903968811,0.7110000848770142,-0.020814303308725357,0.9998888373374939,0.8424280881881714,0.7101305723190308,-0.020813072100281715,0.9998697638511658,0.8429271578788757,0.7090249061584473,-0.020825650542974472,0.9998700022697449,0.8385503888130188,0.7067531943321228,-0.06723760813474655,0.9999108910560608,0.8361899852752686,0.7028927803039551,-0.06726761162281036,0.9998992681503296,0.8335588574409485,0.6990509033203125,-0.06734565645456314,0.9999241828918457,0.8263335824012756,0.6929430365562439,0.0876581147313118,0.9997881650924683,0.8134486675262451,0.6855877041816711,-0.1274803727865219,0.9998894333839417,0.822736382484436,0.7418463826179504,0.004134642891585827,0.9996653199195862,0.8186874389648438,0.7368773818016052,-0.05676271393895149,0.9996975064277649,0.7330081462860107,0.6512296795845032,0.2417869120836258,0.9995766282081604,0.7391098737716675,0.7067968249320984,-0.23300747573375702,0.9990678429603577,0.6502816677093506,0.5963199138641357,0.47999969124794006,0.6319223642349243,0.6452088356018066,0.6666653752326965,-0.46710866689682007,0.4261905550956726,0.6613887548446655,0.7171110510826111,0.6621580123901367,0.6200454235076904,0.6756486892700195,0.8329979181289673,-0.6617217659950256,0.50408935546875,0.6737245917320251,0.7282395362854004,0.7062039375305176,0.6324838399887085,0.7015756964683533,0.8490190505981445,-0.7196565866470337,0.5348746180534363,0.6802776455879211,0.7316359281539917,0.6589701771736145,0.6346954107284546,0.708846926689148,0.8369923233985901,-0.6803152561187744,0.5315752625465393,0.677074134349823,0.7324995994567871,0.6477010250091553,0.6215018630027771,0.7004576325416565,0.8303347229957581,-0.6485313177108765,0.49764737486839294,0.5065962672233582,0.716798722743988,0.15919360518455505,0.9970067739486694,0.5064043402671814,0.7676294445991516,-0.15923266112804413,0.996055543422699,0.3457789719104767,0.7305815815925598,0.19339323043823242,0.7189527153968811,0.32895123958587646,0.7790452241897583,-0.15829899907112122,0.5485771894454956,0.19004975259304047,0.6856457591056824,0.2917579412460327,0.8330223560333252,0.17519564926624298,0.7156990170478821,-0.11686672270298004,0.7199194431304932,0.16155508160591125,0.6494962573051453,0.2939881980419159,0.8642114996910095,0.14433883130550385,0.6775230169296265,-0.11482162773609161,0.8006560206413269,0.16271407902240753,0.7606928944587708,0.22402051091194153,0.8840888142585754,0.13452571630477905,0.7860000133514404,-0.2005636990070343,0.8286100625991821
19,0.8355717658996582,0.7440930604934692,-0.04123701527714729,0.999910831451416,0.8419626355171204,0.7262151837348938,-0.02444482408463955,0.9998905062675476,0.8423801064491272,0.7258142232894897,-0.024445828050374985,0.9998729825019836,0.8428733944892883,0.7251632809638977,-0.02446901798248291,0.9998751878738403,0.8384990692138672,0.7210492491722107,-0.06799877434968948,0.9999111890792847,0.8361457586288452,0.7168893814086914,-0.06803957372903824,0.9999013543128967,0.8335812091827393,0.7123933434486389,-0.06811393797397614,0.9999250769615173,0.8274270296096802,0.7089972496032715,0.07624984532594681,0.9998000860214233,0.8155889511108398,0.6961557865142822,-0.12723831832408905,0.9998912811279297,0.8210589289665222,0.7525107860565186,-0.000509991601575166,0.9996721148490906,0.8171225190162659,0.7473366260528564,-0.05778931826353073,0.9997096657752991,0.7346848845481873,0.6549600958824158,0.21816512942314148,0.9995611906051636,0.7386462092399597,0.7113108038902283,-0.22647784650325775,0.9991506338119507,0.654188871383667,0.5961260795593262,0.45896464586257935,0.5880893468856812,0.6461254358291626,0.6684426665306091,-0.4402755796909332,0.4819771349430084,0.6604768633842468,0.716534435749054,0.6601390242576599,0.5669851303100586,0.67533940076828,0.8329751491546631,-0.6129356622695923,0.5500479936599731,0.6730186939239502,0.7280381321907043,0.706314206123352,0.5818578600883484,0.7015025019645691,0.849323034286499,-0.6638457179069519,0.5763913989067078,0.6799689531326294,0.7312625646591187,0.6619093418121338,0.5840587019920349,0.708584725856781,0.8370543122291565,-0.6259552836418152,0.5729586482048035,0.6763719320297241,0.7323763966560364,0.6478545069694519,0.5720949769020081,0.7001053094863892,0.8303064107894897,-0.5996145009994507,0.5386840105056763,0.5067976117134094,0.7159944772720337,0.15099205076694489,0.9967643618583679,0.5063033103942871,0.7664041519165039,-0.15106524527072906,0.9961859583854675,0.34652960300445557,0.7310579419136047,0.18724657595157623,0.6906764507293701,0.32901182770729065,0.7788395881652832,-0.13718098402023315,0.588524580001831,0.19052830338478088,0.6873438954353333,0.2816846966743469,0.816430926322937,0.17516592144966125,0.7163028120994568,-0.09451454877853394,0.745806872844696,0.16218224167823792,0.6506289839744568,0.283843457698822,0.8506805896759033,0.14437951147556305,0.6790544390678406,-0.09183832257986069,0.8172835111618042,0.16226066648960114,0.7606517672538757,0.22033551335334778,0.8724002838134766,0.13224218785762787,0.7863050699234009,-0.16859664022922516,0.8429163098335266
20,0.8353149890899658,0.7523853182792664,-0.021984443068504333,0.9999092817306519,0.8423923850059509,0.734663724899292,-0.005268397741019726,0.9998906254768372,0.8427855968475342,0.7340478301048279,-0.005266237538307905,0.9998756051063538,0.8432419300079346,0.7331367135047913,-0.005270857829600573,0.9998795390129089,0.8390559554100037,0.7298700213432312,-0.04799879714846611,0.9999091625213623,0.8368588089942932,0.725742518901825,-0.04802503436803818,0.9999016523361206,0.8345654010772705,0.7213420271873474,-0.0480700321495533,0.9999241828918457,0.8293964862823486,0.7160500288009644,0.08554333448410034,0.9998106360435486,0.8187143206596375,0.7041440010070801,-0.10805048793554306,0.9998914003372192,0.819722056388855,0.759020984172821,0.017510369420051575,0.9996784925460815,0.8162831664085388,0.7542206048965454,-0.03871070221066475,0.9997211694717407,0.736752450466156,0.6587686538696289,0.2204294055700302,0.9995598793029785,0.7402779459953308,0.7152413725852966,-0.2059599608182907,0.999226987361908,0.654694676399231,0.5933824777603149,0.44181203842163086,0.5572690963745117,0.6476948261260986,0.6655634641647339,-0.41189607977867126,0.5323938727378845,0.6595162749290466,0.714777946472168,0.630614697933197,0.5187347531318665,0.6751877665519714,0.8329750299453735,-0.5837510228157043,0.5917584300041199,0.6713082194328308,0.7264546155929565,0.6745443344116211,0.535069465637207,0.7013758420944214,0.8493580222129822,-0.6333811283111572,0.6143297553062439,0.6790059208869934,0.7299329042434692,0.6302341222763062,0.5371309518814087,0.708402156829834,0.836884081363678,-0.5911246538162231,0.6107963919639587,0.6753397583961487,0.7311134338378906,0.6182145476341248,0.5265547633171082,0.7000170946121216,0.8299472332000732,-0.5686011910438538,0.5767372250556946,0.5074785947799683,0.7158253788948059,0.1447075456380844,0.9965634346008301,0.5068875551223755,0.7662779688835144,-0.14472123980522156,0.9963074922561646,0.3469827473163605,0.7315031886100769,0.17816634476184845,0.6671050786972046,0.3295002281665802,0.7791709303855896,-0.13492795825004578,0.6250728964805603,0.18912285566329956,0.6872970461845398,0.2577316164970398,0.8013374209403992,0.17511345446109772,0.7169671654701233,-0.09895683825016022,0.7691537737846375,0.16198302805423737,0.6506418585777283,0.25809428095817566,0.8395644426345825,0.14440922439098358,0.6808500289916992,-0.09670937061309814,0.8326015472412109,0.16162139177322388,0.7608023285865784,0.19296228885650635,0.8617101311683655,0.131690114736557,0.7870734930038452,-0.17355240881443024,0.8559368252754211
21,0.835053026676178,0.7584923505783081,-0.021404379978775978,0.9999072551727295,0.8426921367645264,0.7423168420791626,-0.005536363460123539,0.9998887181282043,0.843058705329895,0.7418234348297119,-0.005532229784876108,0.9998764991760254,0.8434749841690063,0.7410669326782227,-0.00553081976249814,0.9998819231987,0.8394766449928284,0.7376325130462646,-0.04515170678496361,0.9999053478240967,0.8373838663101196,0.7334245443344116,-0.045169297605752945,0.9998999834060669,0.8352218866348267,0.7287761569023132,-0.04518591985106468,0.9999215006828308,0.8307257294654846,0.724726676940918,0.08330529183149338,0.9998192191123962,0.8203389048576355,0.7102980613708496,-0.09859629720449448,0.99988853931427,0.8188378214836121,0.7641115188598633,0.01631271280348301,0.9996849298477173,0.8157353401184082,0.7590963244438171,-0.036070939153432846,0.999732255935669,0.7380536794662476,0.6612727046012878,0.19260524213314056,0.999561071395874,0.7421126365661621,0.7184242010116577,-0.18502606451511383,0.9992956519126892,0.6580032706260681,0.5900447368621826,0.3888903260231018,0.5382841229438782,0.6495186686515808,0.6632998585700989,-0.3770672082901001,0.5781449675559998,0.6593647003173828,0.7126502990722656,0.5630390048027039,0.4767087996006012,0.6751731038093567,0.834152340888977,-0.530345618724823,0.6293095946311951,0.6707953810691833,0.7256534099578857,0.6017228960990906,0.49402496218681335,0.7013720870018005,0.8499600291252136,-0.5723757147789001,0.6482321619987488,0.6788585186004639,0.7294633388519287,0.5616812705993652,0.4958145320415497,0.7083408236503601,0.8372306823730469,-0.5314517021179199,0.6446171402931213,0.6752015948295593,0.7303921580314636,0.5522516369819641,0.486111581325531,0.6999833583831787,0.8303887844085693,-0.5151031017303467,0.6110265254974365,0.5095425844192505,0.7153751850128174,0.1326330006122589,0.9963500499725342,0.5095022916793823,0.7662339210510254,-0.13261280953884125,0.9964391589164734,0.34869828820228577,0.7314835786819458,0.16679537296295166,0.6479219198226929,0.3315269351005554,0.7802361249923706,-0.12423013150691986,0.6590778231620789,0.18934015929698944,0.6872630715370178,0.24132904410362244,0.7896649837493896,0.1752178966999054,0.7182055115699768,-0.09068025648593903,0.7906596660614014,0.16223374009132385,0.650694727897644,0.24137483537197113,0.8287577629089355,0.1476798951625824,0.6825607419013977,-0.08769968897104263,0.8469192981719971,0.1610744595527649,0.7606458067893982,0.1787615865468979,0.8534979820251465,0.1315198838710785,0.7871848344802856,-0.15671232342720032,0.8682315349578857
22,0.8362602591514587,0.7546752691268921,-0.04736214131116867,0.9999058842658997,0.8457673788070679,0.7380596399307251,-0.02825569547712803,0.9998871088027954,0.8462498188018799,0.7379958629608154,-0.02825051359832287,0.999876856803894,0.8468143939971924,0.73771733045578,-0.02824605256319046,0.9998833537101746,0.8423937559127808,0.7325843572616577,-0.06719857454299927,0.9999019503593445,0.8401596546173096,0.7280735969543457,-0.06720126420259476,0.9998986124992371,0.837738037109375,0.7229857444763184,-0.06718265265226364,0.9999194145202637,0.8342796564102173,0.7200351357460022,0.0730443224310875,0.9998232126235962,0.8219841122627258,0.7060979008674622,-0.1039087325334549,0.9998862743377686,0.8193107843399048,0.7619706988334656,-0.004887450020760298,0.9996808171272278,0.8161239624023438,0.7558130621910095,-0.05579559504985809,0.9997373223304749,0.7383183240890503,0.6615936756134033,0.1976337730884552,0.9995303750038147,0.7445500493049622,0.7186199426651001,-0.1944805085659027,0.9993521571159363,0.652543306350708,0.5907868146896362,0.37408697605133057,0.5067944526672363,0.6471666097640991,0.6579537391662598,-0.38439223170280457,0.618894636631012,0.6540451049804688,0.7144004702568054,0.4932495653629303,0.4389573037624359,0.6690994501113892,0.8307338356971741,-0.5190091729164124,0.6617493629455566,0.6657589673995972,0.7259290218353271,0.5243081450462341,0.4580498933792114,0.695647120475769,0.8490858674049377,-0.5633151531219482,0.6767476797103882,0.6733621954917908,0.7297177314758301,0.48333409428596497,0.4597438871860504,0.7024955749511719,0.8364157676696777,-0.5234093070030212,0.6727743148803711,0.6707682013511658,0.7310107946395874,0.479722797870636,0.45017820596694946,0.6956297159194946,0.8294565677642822,-0.5040271282196045,0.6385709047317505,0.5112520456314087,0.7146179676055908,0.13582710921764374,0.9958438873291016,0.5123142600059509,0.7640470266342163,-0.13582119345664978,0.9964206218719482,0.3498136103153229,0.7308136820793152,0.17374180257320404,0.6291275024414062,0.33367499709129333,0.780386745929718,-0.12952029705047607,0.6901865005493164,0.18893544375896454,0.6883119940757751,0.2526600956916809,0.7818728089332581,0.17527246475219727,0.719484806060791,-0.09055625647306442,0.8102052807807922,0.16199827194213867,0.6530885696411133,0.2529854476451874,0.8210229277610779,0.14794588088989258,0.6848282217979431,-0.08736414462327957,0.8597920536994934,0.16092738509178162,0.7607080936431885,0.18988925218582153,0.8475603461265564,0.13162189722061157,0.7881501317024231,-0.15817773342132568,0.8791576027870178
23,0.8342512845993042,0.7587926387786865,-0.025324881076812744,0.9999097585678101,0.8446334004402161,0.7395278811454773,-0.009813869372010231,0.9998925924301147,0.8450225591659546,0.7389712929725647,-0.009804355911910534,0.9998835325241089,0.8455250263214111,0.7381542325019836,-0.009803485125303268,0.9998906254768372,0.8416598439216614,0.7347033023834229,-0.04885154217481613,0.9999061822891235,0.8397323489189148,0.730715811252594,-0.048857398331165314,0.9999035000801086,0.8376022577285767,0.7261756062507629,-0.04884297028183937,0.9999229907989502,0.8338311910629272,0.7201769948005676,0.07617868483066559,0.9998360276222229,0.8212506771087646,0.7082119584083557,-0.09868958592414856,0.9998908638954163,0.8177633881568909,0.7653705477714539,0.012223624624311924,0.9996981620788574,0.8150027990341187,0.760059118270874,-0.039076387882232666,0.9997534155845642,0.7322688698768616,0.6620673537254333,0.1988731026649475,0.9995372891426086,0.7434548735618591,0.7214368581771851,-0.1871308535337448,0.9994076490402222,0.6499063372612,0.5901848673820496,0.40507030487060547,0.49315300583839417,0.6438739895820618,0.6639283299446106,-0.39364683628082275,0.6557328104972839,0.6592350006103516,0.7129309177398682,0.5521266460418701,0.4061075747013092,0.6809902191162109,0.8307482004165649,-0.5599928498268127,0.6918519735336304,0.6717233061790466,0.7229911088943481,0.5935167670249939,0.4258432984352112,0.7095642685890198,0.8491363525390625,-0.6073463559150696,0.703715980052948,0.6782596111297607,0.7282499074935913,0.5399868488311768,0.4274076819419861,0.7166125178337097,0.836419403553009,-0.5666273236274719,0.6995440125465393,0.675058901309967,0.7299586534500122,0.5321659445762634,0.41872143745422363,0.7077863812446594,0.8294575214385986,-0.5454836487770081,0.6650975346565247,0.5107331871986389,0.7145810723304749,0.1335524320602417,0.9958910942077637,0.5121222138404846,0.763477087020874,-0.1335429698228836,0.9965846538543701,0.347774475812912,0.7308962941169739,0.15695513784885406,0.6132487654685974,0.33235374093055725,0.7806745767593384,-0.12631568312644958,0.7169898748397827,0.18580952286720276,0.6882702112197876,0.22325991094112396,0.7737464904785156,0.17341287434101105,0.719660758972168,-0.09166918694972992,0.8273271322250366,0.16037940979003906,0.653139054775238,0.22232915461063385,0.8144245147705078,0.14609649777412415,0.684988260269165,-0.08896222710609436,0.8708314895629883,0.1567549854516983,0.7603884935379028,0.15618787705898285,0.8415922522544861,0.12853966653347015,0.788138210773468,-0.15977680683135986,0.8887747526168823
24,0.8338482975959778,0.7599839568138123,-0.028427893295884132,0.9999113082885742,0.8444589972496033,0.7444566488265991,-0.009938608855009079,0.9998943209648132,0.8448483347892761,0.7450087666511536,-0.009927920997142792,0.9998864531517029,0.8453493714332581,0.745284378528595,-0.009934687055647373,0.999894380569458,0.8414134383201599,0.7365673184394836,-0.05265657976269722,0.9999071955680847,0.8394213914871216,0.7315279245376587,-0.05267329886555672,0.9999057650566101,0.8372194170951843,0.7263027429580688,-0.05267903581261635,0.9999241828918457,0.8340950608253479,0.728211522102356,0.07485118508338928,0.999845027923584,0.821219801902771,0.7086057066917419,-0.10000152140855789,0.9998923540115356,0.8174141645431519,0.7668734788894653,0.01103538554161787,0.9997065663337708,0.8144363760948181,0.7599070072174072,-0.042795490473508835,0.9997631907463074,0.7326300144195557,0.6675550937652588,0.19662395119667053,0.9995208382606506,0.7434040904045105,0.7207871079444885,-0.18761304020881653,0.9994558095932007,0.6501709818840027,0.5952824354171753,0.4056359827518463,0.4686313271522522,0.6493830680847168,0.665405809879303,-0.39978936314582825,0.6886950135231018,0.6613155007362366,0.7119302153587341,0.583479106426239,0.3747416138648987,0.6849569082260132,0.8336572051048279,-0.5747729539871216,0.7184432148933411,0.6731573343276978,0.7181999087333679,0.6257994771003723,0.39539647102355957,0.7122853994369507,0.8507543802261353,-0.623293399810791,0.7276791334152222,0.6811177134513855,0.7257094383239746,0.5796794891357422,0.39669787883758545,0.7188153862953186,0.8379969596862793,-0.5814275741577148,0.7233332991600037,0.6777781248092651,0.7281672954559326,0.5693327784538269,0.3886141777038574,0.7098797559738159,0.8313196897506714,-0.5603315234184265,0.6887248158454895,0.5110768675804138,0.713150680065155,0.13195674121379852,0.9958821535110474,0.5132205486297607,0.7604945302009583,-0.13198044896125793,0.9967293739318848,0.3483169972896576,0.7298791408538818,0.1647326499223709,0.6045330762863159,0.33277222514152527,0.7811504602432251,-0.11498039215803146,0.7424535155296326,0.18615706264972687,0.6882521510124207,0.24408413469791412,0.7718056440353394,0.173430398106575,0.72006756067276,-0.06958378851413727,0.8434621691703796,0.16067057847976685,0.6531219482421875,0.2447817176580429,0.8105844259262085,0.14656709134578705,0.6852211952209473,-0.06535443663597107,0.8816618919372559,0.15463070571422577,0.758084237575531,0.1791360229253769,0.8403102159500122,0.12641207873821259,0.7874632477760315,-0.1361091136932373,0.8982290029525757
